entity1,entity2,sentence,label,segment,pseudo_label
elendil,royaumes,"Elendil est désigné Haut-roi des deux Royaumes en Exil, mais il règne principalement sur l'Arnor et laisse ses fils régner sur le Gondor[5]. En débarquant, Isildur se rend dans la Vallée du Morthond au sud des Montagnes Blanches.",est_enfant_de,Elendil est désigné Haut-roi des deux Royaumes,est_enfant_de
balin,nains,"Parmi les Nains de la Compagnie, Balin est le deuxième Nain le plus âgé et occupe le rôle de second de Thorin.",appartient_a_race,"Nains de la Compagnie, Balin",appartient_a_race
gollum,destin,"Grâce à son aide, Frodon et Sam parviennent jusqu'à la Montagne du Destin, où Gollum tente alors d'arracher l'anneau des mains de Frodon mais chute dans le cœur du volcan, permettant la destruction de l'anneau.",fait_partie_de,"Destin, où Gollum",regne_sur
donation,cirion,Cette donation est scellée par le Serment d'Eorl et Cirion.,fait_partie_de,donation est scellée par le Serment d'Eorl et Cirion,est_enfant_de
alliance,fondcombe,"L'Alliance comprend des Elfes du Lindon, de Fondcombe, de la Forêt Noire et de Lothlórien, des Hommes d'Arnor et du Gondor.",est_allie_de,"Alliance comprend des Elfes du Lindon, de Fondcombe",fait_partie_de
mouvements,soupçons,"Ces mouvements, en plus de l'action d'espions orques envoyés par Azog, éveillent les soupçons de Gandalf, soupçons confirmés par le témoignage de Radagast et la présence de la Lame de Morgul.",fait_partie_de,"mouvements, en plus de l'action d'espions orques envoyés par Azog, éveillent les soupçons",se_marie_avec
adar,fuite,"Bien que les Númenóréens prennent rapidement le dessus sur les Orques, Adar prend la fuite à cheval avec ce qui semble être la poignée d'une épée forgée par Morgoth.",fait_partie_de,Adar prend la fuite,regne_sur
forteresse,dommages,"Cette nouvelle forteresse sera érigée au sein des Montagnes de Fer et sera placée sous le commandement de son fidèle lieutenant : Sauron.[3] Comme les Valar ne savaient pas où les enfants d'Ilúvatar se réveilleraient, ils hésitèrent à faire la guerre contre Melkor, craignant que le choc de leurs pouvoirs n'entraîne des dommages collatéraux massifs comme ils n'en avaient pas vus depuis la destruction des lampes.",fait_partie_de,"forteresse sera érigée au sein des Montagnes de Fer et sera placée sous le commandement de son fidèle lieutenant : Sauron.[3] Comme les Valar ne savaient pas où les enfants d'Ilúvatar se réveilleraient, ils hésitèrent à faire la guerre contre Melkor, craignant que le choc de leurs pouvoirs n'entraîne des dommages",est_ennemi_de
bateau,promis,"Parmi eux, Hagen se révèle être le promis d'Estrid, ce qui trouble Isildur qui tombait amoureux d'elle.[18] Un bateau de Númenor arrive à Pelargir et il va pouvoir rentrer chez lui.",fait_partie_de,"promis d'Estrid, ce qui trouble Isildur qui tombait amoureux d'elle.[18] Un bateau",se_marie_avec
enveloppe,table,"De plus, on sait que son enveloppe dégage une quantité de chaleur telle que Gil-galad est brûlé vif à son toucher et qu'Isildur décrit sa main comme à la fois noire et brûlante comme le feu.[16][17] Gollum, qui est l'un des seuls personnages à voir l'apparence du Seigneur des Ténèbres durant le Troisième Âge, le décrit comme ne possédant que quatre doigts à l'une de ses mains, preuve incontestable que Sauron a été incapable de régénérer le doigt que lui a ôté Isildur tout comme Morgoth a été incapable de guérir les blessures infligées par Fingolfin.",regne_sur,"enveloppe dégage une quantité de chaleur telle que Gil-galad est brûlé vif à son toucher et qu'Isildur décrit sa main comme à la fois noire et brûlante comme le feu.[16][17] Gollum, qui est l'un des seuls personnages à voir l'apparence du Seigneur des Ténèbres durant le Troisième Âge, le décrit comme ne possédant que quatre doigts à l'une de ses mains, preuve incontestable",est_mentor_de
faramir,amour,"Pendant sa convalescence, Faramir fait la connaissance d'Eowyn (Dame de Rohan) et tombe amoureux d'elle.",est_ami_de,Faramir fait la connaissance d'Eowyn (Dame de Rohan) et tombe amour,est_allie_de
théoden,héros,"Dans la saga de jeu de la Bataille pour la Terre du Milieu, Théoden peut être déployé en tant que héros humains des forces du bien.",combat_contre,Théoden peut être déployé en tant que héros,regne_sur
covillault,adrien,"Covillault (Nécromancien)Adrien Bletton (Halbrand) Adrien Bletton (Halbrand) Sauron était à l'origine un Maia, élève le plus renommé de Aulë, avant d'être corrompu par Morgoth.",a_titre,Covillault (Nécromancien)Adrien,fait_partie_de
balin,smaug,"Balin est le seul membre de la Compagnie disposé à accompagner un peu le Hobbit dans le passage secret qui mène à l'intérieur de la Montagne et vers le Dragon.[11] C'est lui également qui à l'idée d'aller se cacher dans l'ancien Poste de Garde, après que Smaug les ait découvert.[12] La devant la Vieille Grive, il raconte à Bilbon l’ancienne amitié qui liait les nains d'Erebor et les grands Corbeaux de Ravenhill, ce qui amène la grive à leur ramener Roäc, le chef des corbeaux, qui leur annoncera la mort du dragon.[13] Balin combat et survit à la Bataille des Cinq Armées avec ses compagnons.",combat_contre,"Balin est le seul membre de la Compagnie disposé à accompagner un peu le Hobbit dans le passage secret qui mène à l'intérieur de la Montagne et vers le Dragon.[11] C'est lui également qui à l'idée d'aller se cacher dans l'ancien Poste de Garde, après que Smaug",regne_sur
celebrimbor,guilde,"Ainsi, vers 1350, la Guilde se révolte contre l'autorité de Galadriel et Celeborn, et Celebrimbor devient seigneur d'Eregion.",fait_partie_de,"Guilde se révolte contre l'autorité de Galadriel et Celeborn, et Celebrimbor",se_marie_avec
durin,portes,"Il lui annonce que les portes de Khazad-dûm ne se sont pas ouverte, Durin ne viendra pas.",porte_objet,"portes de Khazad-dûm ne se sont pas ouverte, Durin",est_ennemi_de
eowyn,famille,"Eowyn est née en 2995 T.A.[1], probablement à Aldburg, lieu de résidence de sa famille dans le Folde[2]. A cette époque, son oncle Théoden est roi du Rohan.",regne_sur,"Eowyn est née en 2995 T.A.[1], probablement à Aldburg, lieu de résidence de sa famille",se_marie_avec
parcelles,volcaniques,"La plupart de la terre est constitué de débris volcaniques à cause de l'activité de la Montagne du Destin, mais certaines parcelles peuvent être cultivées et les esclaves du Seigneur des Ténèbres y ont fait pousser de la nourriture pour son armée.",fait_partie_de,"volcaniques à cause de l'activité de la Montagne du Destin, mais certaines parcelles",porte_objet
yeux,régente,"Quand le toit en feu s’effondre, les yeux de la régente sont brûlés par les brandons ardents et Isildur disparaît sous les poutres en feu, on le considère comme mort.[16]",fait_partie_de,yeux de la régente,porte_objet
inspiration,magiques,"Une autre inspiration pouvant provenir du Moyen Âge se révèle au travers du personnage de Jeanne d'Arc dont l'une des charges retenues contre elle était l'utilisation d'Anneaux magiques capables de contraindre et d'asservir des esprits tout comme l'Anneau Unique de Sauron.[38] Bien que l'on ne sache pas si, durant le Troisième Âge, Sauron est parvenu à récupérer une enveloppe corporelle, l'apparition d'un immense Œil de feu au sommet de Barad-dûr, nous laisse penser qu'il s'agit de l'esprit et de la volonté de Sauron.",regne_sur,inspiration pouvant provenir du Moyen Âge se révèle au travers du personnage de Jeanne d'Arc dont l'une des charges retenues contre elle était l'utilisation d'Anneaux magiques,se_marie_avec
communauté,dagor,"Dans Le Seigneur des Anneaux : La Communauté de l'Anneau, Elrond est vu pour la première fois dans le prologue de la bataille du Dagorlad en tant que lieutenant des Ñoldor.",combat_contre,"Communauté de l'Anneau, Elrond est vu pour la première fois dans le prologue de la bataille du Dagor",se_marie_avec
isengard,surcroît,"L'isengard ravagée Entretemps, Saroumane planifie son invasion du Rohan : deux batailles ont lieu aux gués de l'Isen, frontière entre l'Isengard et le Rohan, lui permettant de forcer ce point stratégique pour la conquête de ce pays, en éliminant de surcroît Théodred, fils du roi Théoden du Rohan, l'héritier du trône.",est_enfant_de,"isengard ravagée Entretemps, Saroumane planifie son invasion du Rohan : deux batailles ont lieu aux gués de l'Isen, frontière entre l'Isengard et le Rohan, lui permettant de forcer ce point stratégique pour la conquête de ce pays, en éliminant de surcroît",est_allie_de
tilion,dévouement,"Le Soleil et la Lune ont également été contrôlés et dirigés par deux Maiar : Arien, un esprit de feu non corrompu par Melkor, a été choisi, pour sa beauté rayonnante et son dévouement féroce au fonctionnement des Valar, pour guider le Soleil, tandis que Tilion, un chasseur dans la compagnie d'Oromë, a été choisi pour diriger la Lune.",est_mentor_de,"dévouement féroce au fonctionnement des Valar, pour guider le Soleil, tandis que Tilion",est_parent_de
nazgûls,forteresse,"Leur première apparition a lieu en 2251 D.A.[3], et ils vont s'attacher à combattre les forteresses que les hommes de Númenor ont bâti sur les côtes de la Terre du Milieu[2]. A la fin du Deuxième Âge, après la défaite de Sauron lors de la Guerre de la Dernière Alliance, les Nazgûls s'enfuient dans l'Est et se cachent, en attendant le retour de leur maitre[1]. Vers l'an 1000, Sauron revient à l'Ouest.",combat_contre,"forteresses que les hommes de Númenor ont bâti sur les côtes de la Terre du Milieu[2]. A la fin du Deuxième Âge, après la défaite de Sauron lors de la Guerre de la Dernière Alliance, les Nazgûls",est_ennemi_de
gollum,trouve,", il croise la route de Bilbon Sacquet, lequel vient de trouver l'Anneau Unique que Gollum venait d'égarer.",regne_sur,trouver l'Anneau Unique que Gollum,regne_sur
mirdania,celebrimbor,"Mirdania, qui est présente, demande s'il faut informer Celebrimbor.",fait_partie_de,"Mirdania, qui est présente, demande s'il faut informer Celebrimbor",est_enfant_de
prophétie,voix,Une prophétie prévoit même que Melkor pourrait sortir du vide et faire entendre sa voix comme un murmure silencieux qui aurait pour but de tenter les enfants d'Eru vers le mal.,fait_partie_de,prophétie prévoit même que Melkor pourrait sortir du vide et faire entendre sa voix,sacrifie_pour
nazgûls,rivière,"De plus, ils s'imaginent que le temps joue pour eux, car ils croient la blessure de Frodon mortelle[9]. Alors que les hobbits se sont échappés, les cinq Nazgûls patrouillent la route vers l'Est, et trois d'entre eux s'installent au pont sur la rivière Mitheithel, pour y monter la garde.",regne_sur,"Nazgûls patrouillent la route vers l'Est, et trois d'entre eux s'installent au pont sur la rivière",traque
chapeau,jaunes,"Il porte des bottes jaunes, des bas verts, une veste bleu vif et un vieux chapeau bossué à haute calotte, orné d’une longue plume bleue plantée dans le ruban.",porte_objet,"jaunes, des bas verts, une veste bleu vif et un vieux chapeau",appartient_a_race
incendies,jours,"Les Elfes n'étant absolument pas préparés à un tel assaut, un grand nombre de Ñoldor périrent sur l'Ard-galen, alors que les incendies consumèrent la région et la transformèrent en un désert sans vie, connu pour toujours sous le nom d'Anfauglith.",est_parent_de,"incendies consumèrent la région et la transformèrent en un désert sans vie, connu pour toujours",est_ennemi_de
avis,prépondérante,"Dès le début, elle souhaite que Gandalf tienne une place prépondérante au sein du conseil, mais son avis n'est pas suivi[3]. A partir de 2480, des Orques se répandent dans les Monts Brumeux et y aménagent des places fortes afin de bloquer tous les passages vers l'Eriador.",fait_partie_de,"prépondérante au sein du conseil, mais son avis",est_enfant_de
oiseaux,isengard,"Aragorn repère les crébain, des oiseaux malfaisants qui les espionnent pour le compte de Saroumane, et il propose donc à Gandalf de passer à l'est des montagnes par le col du Caradhras afin d'éviter l'Isengard (le repaire de Saroumane).",est_parent_de,"oiseaux malfaisants qui les espionnent pour le compte de Saroumane, et il propose donc à Gandalf de passer à l'est des montagnes par le col du Caradhras afin d'éviter l'Isengard",a_titre
réalité,panique,"Dès que le forgeron disparait, la réalité de la ville de nuit en panique revient.",fait_partie_de,réalité de la ville de nuit en panique,est_ennemi_de
balin,trouve,"Le livre de Mazarbul qu'ils trouvent au pied de la tombe, leur livre une partie de la vérité sur la tentative de reprise de la Moria par Balin.[17][19] Balin a une longue barbe blanche et il porte la plupart du temps un capuchon rouge écarlate.",porte_objet,"trouvent au pied de la tombe, leur livre une partie de la vérité sur la tentative de reprise de la Moria par Balin",combat_contre
smaug,terres,"Smaug le Dragon détruit à la fois le Royaume sous la Montagne, Erebor, et la ville de Dale, et le mage craint que Sauron n'utilise la désolation du Dragon autour d'Erebor pour regagner les grands cols du nord dans les montagnes et les anciennes terres d'Angmar.",fait_partie_de,"Smaug le Dragon détruit à la fois le Royaume sous la Montagne, Erebor, et la ville de Dale, et le mage craint que Sauron n'utilise la désolation du Dragon autour d'Erebor pour regagner les grands cols du nord dans les montagnes et les anciennes terres",a_titre
vorohil,flèches,"Mais Vorohil se présente alors, percée de flèches.",fait_partie_de,"Vorohil se présente alors, percée de flèches",fait_partie_de
versions,nord,"Plusieurs versions existent des évènements qui se déroulent en Isengard[4], mais finalement, les Nazgûls obtiennent les informations qu'ils cherchent et partent vers le Nord-Ouest, l'Eriador.",fait_partie_de,"versions existent des évènements qui se déroulent en Isengard[4], mais finalement, les Nazgûls obtiennent les informations qu'ils cherchent et partent vers le Nord",est_enfant_de
incendies,consumèrent,"Les Elfes n'étant absolument pas préparés à un tel assaut, un grand nombre de Ñoldor périrent sur l'Ard-galen, alors que les incendies consumèrent la région et la transformèrent en un désert sans vie, connu pour toujours sous le nom d'Anfauglith.",est_parent_de,incendies consumèrent,fait_partie_de
communauté,théoden,"Dans Le Seigneur des Anneaux de Ralph Bakshi de 1978, adaptation qui reprend La Communauté de l'Anneau et Les Deux Tour, Théoden apparait dont la voix est faite par Philip Stone, doublé en français par Jean-Henri Chambois.",fait_partie_de,"Communauté de l'Anneau et Les Deux Tour, Théoden",se_marie_avec
plupart,membres,"Alors que la plupart des membres de la Communauté combattent le troll, Legolas voit une opportunité lorsque Pippin le poignarde à la tête, ce qui fait rugir le troll.",combat_contre,plupart des membres,est_ennemi_de
membres,détours,"Après de nombreux jours de marche et plusieurs détours, les membres de la Communauté montent vers le col du Caradhras, quand ils sont pris dans une tempête de neige provoquée par Sauron[7]. Ils rebroussent chemin et le Porteur de l'Anneau décide de passer par les mines de la Moria malgré le mauvais pressentiment d'Aragorn.",porte_objet,"détours, les membres",est_ennemi_de
explosion,forodwaith,Une immense explosion a lieu et Le Forodwaith se couvre de glace.,fait_partie_de,explosion a lieu et Le Forodwaith,regne_sur
communauté,doublé,"Dans Le Seigneur des Anneaux de Ralph Bakshi de 1978, adaptation qui reprend La Communauté de l'Anneau et Les Deux Tour, Théoden apparait dont la voix est faite par Philip Stone, doublé en français par Jean-Henri Chambois.",fait_partie_de,"Communauté de l'Anneau et Les Deux Tour, Théoden apparait dont la voix est faite par Philip Stone, doublé",porte_objet
villes,eldalondë,"Les villes construites par les Númenóréens étaient Armenelos, Andúnië, Eldalondë, Ondosto, Nindamos, et Rómenna.",fait_partie_de,"villes construites par les Númenóréens étaient Armenelos, Andúnië, Eldalondë",est_enfant_de
représentation,similitudes,"Certains ont établi des similitudes entre la représentation de Jackson des Elfes, et d'Elrond en particulier, et la représentation de la race Vulcaine hautement rationnelle dans Star Trek, ou avec la propre caractérisation de Tolkien de l'Elfe Thingol, qui n'apparaît pas dans les films.",appartient_a_race,similitudes entre la représentation,est_ennemi_de
frères,aegnor,"Ses frères sont Finrod, Orodreth, Angrod et Aegnor[1]. Galadriel est la nièce de Fëanor, l'Elfe le plus important du début du Premier Âge.",appartient_a_race,"frères sont Finrod, Orodreth, Angrod et Aegnor",est_mentor_de
lothlórien,résidence,"D'ailleurs, la Lothlórien a été nommée ainsi en hommage à la Lórien de Valinor, créée par le Vala Irmo, aussi nommé Lórien en référence à son lieu de résidence.",a_titre,"Lothlórien a été nommée ainsi en hommage à la Lórien de Valinor, créée par le Vala Irmo, aussi nommé Lórien en référence à son lieu de résidence",a_titre
utilisation,enveloppe,"Une autre inspiration pouvant provenir du Moyen Âge se révèle au travers du personnage de Jeanne d'Arc dont l'une des charges retenues contre elle était l'utilisation d'Anneaux magiques capables de contraindre et d'asservir des esprits tout comme l'Anneau Unique de Sauron.[38] Bien que l'on ne sache pas si, durant le Troisième Âge, Sauron est parvenu à récupérer une enveloppe corporelle, l'apparition d'un immense Œil de feu au sommet de Barad-dûr, nous laisse penser qu'il s'agit de l'esprit et de la volonté de Sauron.",regne_sur,"utilisation d'Anneaux magiques capables de contraindre et d'asservir des esprits tout comme l'Anneau Unique de Sauron.[38] Bien que l'on ne sache pas si, durant le Troisième Âge, Sauron est parvenu à récupérer une enveloppe",est_ennemi_de
nature,pouvoirs,"On peut donc en déduire qu'elle avait appris ses pouvoirs de ces trois illustres personnages, bien que la nature de sa magie ne soit pas encore bien comprise.",regne_sur,"pouvoirs de ces trois illustres personnages, bien que la nature",fait_partie_de
trônes,plaça,"Au couronnement du roi Elessar, Gandalf (à la demande d'Aragorn) plaça la couronne sur la tête du roi et déclara ""Maintenant viennent les jours du roi, et qu'ils soient bénis tant que les trônes des Valar perdurent !"".",regne_sur,"plaça la couronne sur la tête du roi et déclara ""Maintenant viennent les jours du roi, et qu'ils soient bénis tant que les trônes",est_mentor_de
distinctes,raconté,"Une grande partie de l'histoire de la dame Galadriel est confuse, et plusieurs histoires distinctes sont racontées à son sujet dans les Contes et légendes inachevés.",fait_partie_de,distinctes sont raconté,appartient_a_race
shagrat,mithril,"Et alors que Sam parvient à sauver son ami, Shagrat parvient à s'échapper en emportant la cotte de mailles en mithril jusqu'à Barad-dûr.",est_ami_de,Shagrat parvient à s'échapper en emportant la cotte de mailles en mithril,est_enfant_de
patience,serviteurs,"Sa patience et son sens de la pitié se sont révélés maintes et maintes fois, s'étendant même aux serviteurs de ses ennemis.",est_ennemi_de,"patience et son sens de la pitié se sont révélés maintes et maintes fois, s'étendant même aux serviteurs",est_enfant_de
maglor,amour,"Maglor a pitié d'eux et les chérit, et peu à peu l'amour grandit entre eux[2].",fait_partie_de,"Maglor a pitié d'eux et les chérit, et peu à peu l'amour",a_titre
profanateur,pâle,"Le Profanateur, également surnommé l'Orque Pâle du fait de la couleur de sa peau, est un Orque des Monts Brumeux, le plus puissant et chef des Orques de Khazad-dûm. ",a_titre,"Profanateur, également surnommé l'Orque Pâle",fait_partie_de
lieutenant,manière,"Le lieutenant de Barad-dûr s'adresse d'abord directement à Aragorn, de manière dédaigneuse, le traitant de ""racaille"".",fait_partie_de,"lieutenant de Barad-dûr s'adresse d'abord directement à Aragorn, de manière",regne_sur
manœuvre,baisse,"La véritable manœuvre réalisée par Gandalf ne consiste pas à chercher à battre les forces de Sauron, mais plutôt à distraire le Seigneur des Ténèbres, le faisant baisser sa garde et permettant ainsi à Frodon et à Sam de poursuivre leur périple jusqu'à la Montagne du Destin.",appartient_a_race,"manœuvre réalisée par Gandalf ne consiste pas à chercher à battre les forces de Sauron, mais plutôt à distraire le Seigneur des Ténèbres, le faisant baisse",a_titre
royaumes,ñoldor,"Tous les grands royaumes des Ñoldor en Beleriand, à l'exception de Gondolin et Nargothrond, furent détruits, et Hithlum fut enfin conquis par les forces de Morgoth.",appartient_a_race,royaumes des Ñoldor,a_titre
déclaration,années,Cette déclaration implique qu'il a connu le Printemps d'Arda lors des Années des Lampes.,fait_partie_de,déclaration implique qu'il a connu le Printemps d'Arda lors des Années,se_marie_avec
cavaliers,asfaloth,"Ce dernier met Frodon sur son cheval, Asfaloth, qui va beaucoup plus vite que Bill, et, lorsque les cavaliers noirs les attaquent à nouveau, il lui ordonne de passer le gué de Bruinen pour protéger Frodon.",fait_partie_de,"Asfaloth, qui va beaucoup plus vite que Bill, et, lorsque les cavaliers",traque
nains,vaut,"En effet, il juge que la vie d'exil mais de paix qu'ont vécu les Nains vaut bien tous les trésors d'Erebor, mais il ne réussira pas à convaincre Thorin, malgré leur amitié.",appartient_a_race,Nains vaut,appartient_a_race
noms,dates,Arwen et Aragorn ont également plusieurs filles dont les noms et les dates de naissance ne sont pas connus.,est_enfant_de,noms et les dates,se_marie_avec
consommation,réduit,Saroumane ricane et suggère que la consommation excessive de champignons altère le jugement de Radagast et réduit sa fiabilité.,fait_partie_de,consommation excessive de champignons altère le jugement de Radagast et réduit,traque
cavaliers,bruinen,"Ce dernier met Frodon sur son cheval, Asfaloth, qui va beaucoup plus vite que Bill, et, lorsque les cavaliers noirs les attaquent à nouveau, il lui ordonne de passer le gué de Bruinen pour protéger Frodon.",fait_partie_de,"cavaliers noirs les attaquent à nouveau, il lui ordonne de passer le gué de Bruinen",a_titre
régence,couronnement,"Sept ans plus tard (an 10), la régence se termine avec le couronnement de Valandil comme roi d'Arnor, à Annúminas capitale du royaume, où Elrond est très certainement présent.",regne_sur,régence se termine avec le couronnement,est_ennemi_de
durin,jure,Durin lui fait jurer de rester silencieux et lui offre un morceau du précieux minerai en gage d’amitié.,appartient_a_race,Durin lui fait jure,est_enfant_de
communauté,rauros,"Ainsi, la Communauté de l'Anneau passe l'Argonath et, juste en amont des chutes du Rauros, campe sur la rive droite.",regne_sur,"Communauté de l'Anneau passe l'Argonath et, juste en amont des chutes du Rauros",se_marie_avec
scènes,romans,"Bien qu'il y ait mention d'osanwe (""discours de la pensée"") dans les écrits de Tolkien, les scènes de Galadriel des Deux Tours n'ont pas d'équivalents directs dans les romans.",fait_partie_de,scènes de Galadriel des Deux Tours n'ont pas d'équivalents directs dans les romans,est_ennemi_de
coursiers,théoden,"Ainsi, dans la nuit de 23 au 24 février, non loin de Sarn Gebir, le coursiers ailé d'un Nazgûl est abattu par une flèche tirée par Legolas[10]. Puis, quelques jours plus tard, le 2 mars, Frodon, Sam et Gollum, en pleine traversée du Marais des Morts, doivent se cacher alors qu'une ombre noire les survole plusieurs fois[11]. Enfin, le 5 mars, à Dol Baran, juste après la ""gaffe"" de Pippin, un Nazgûl survole le campement du roi Théoden, en route vers l'Isengard[12]. Avec l'entrée en guerre ouverte de Sauron, les Nazgûls sont aux premiers rôles.",regne_sur,"coursiers ailé d'un Nazgûl est abattu par une flèche tirée par Legolas[10]. Puis, quelques jours plus tard, le 2 mars, Frodon, Sam et Gollum, en pleine traversée du Marais des Morts, doivent se cacher alors qu'une ombre noire les survole plusieurs fois[11]. Enfin, le 5 mars, à Dol Baran, juste après la ""gaffe"" de Pippin, un Nazgûl survole le campement du roi Théoden",traque
nazgûls,morgul,"Les Nazgûls se terrent à Minas Morgul pendant son absence, jusqu'en 2460.",fait_partie_de,Nazgûls se terrent à Minas Morgul,est_ennemi_de
nazgûls,gollum,"Ainsi, dans la nuit de 23 au 24 février, non loin de Sarn Gebir, le coursiers ailé d'un Nazgûl est abattu par une flèche tirée par Legolas[10]. Puis, quelques jours plus tard, le 2 mars, Frodon, Sam et Gollum, en pleine traversée du Marais des Morts, doivent se cacher alors qu'une ombre noire les survole plusieurs fois[11]. Enfin, le 5 mars, à Dol Baran, juste après la ""gaffe"" de Pippin, un Nazgûl survole le campement du roi Théoden, en route vers l'Isengard[12]. Avec l'entrée en guerre ouverte de Sauron, les Nazgûls sont aux premiers rôles.",regne_sur,"Gollum, en pleine traversée du Marais des Morts, doivent se cacher alors qu'une ombre noire les survole plusieurs fois[11]. Enfin, le 5 mars, à Dol Baran, juste après la ""gaffe"" de Pippin, un Nazgûl survole le campement du roi Théoden, en route vers l'Isengard[12]. Avec l'entrée en guerre ouverte de Sauron, les Nazgûls",est_allie_de
communauté,pierres,"Alors que la Communauté est bombardée de pierres et de neige, Gandalf tente de calmer la tempête, mais Saroumane envoie un éclair dans la montagne.",fait_partie_de,Communauté est bombardée de pierres,est_enfant_de
armées,alliance,Les armées de la Dernière Alliance entrent alors en Mordor et mettent le siège devant Barad-dûr.,est_allie_de,armées de la Dernière Alliance,se_marie_avec
identité,adoptif,"Elrond le traite comme son fils adoptif et le nomme Estel (Espoir, en Sindarin), et son ascendance n'est pas révélée (sa véritable identité n'est connue que d'un petit nombre des conseillers d'Elrond).",est_enfant_de,"adoptif et le nomme Estel (Espoir, en Sindarin), et son ascendance n'est pas révélée (sa véritable identité",est_enfant_de
communauté,vingt-cinq,"C'est principalement pour essayer d'avoir des nouvelles de la colonie de la Moria et des conseils sur la conduite à tenir que Glóin et Gimli se rendent chez Elrond et participent au Conseil.[18][16] La tombe de Balin Environ vingt-cinq ans plus tard, en 3019 du T.A., la Communauté de l'Anneau menée par Gandalf passe par la Moria et découvre la tombe de Balin.",fait_partie_de,"vingt-cinq ans plus tard, en 3019 du T.A., la Communauté",est_ennemi_de
smaug,cambrioleur,"En fin de compte, Gandalf concocte un plan dans lequel Thorin peut détruire Smaug et récupérer le trésor sous la montagne, mais à la condition que Gandalf choisisse un ""cambrioleur"".",fait_partie_de,"Smaug et récupérer le trésor sous la montagne, mais à la condition que Gandalf choisisse un ""cambrioleur",a_titre
maçon,fixée,"Là, le marteau sur l'enclume frappait,Là, le ciseau clivait, et le graveur écrivait;Là, était forgée la lame et fixée la garde;L'excavateur creusait, le maçon bâtissait.",fait_partie_de,"fixée la garde;L'excavateur creusait, le maçon",porte_objet
choc,lampes,"Cette nouvelle forteresse sera érigée au sein des Montagnes de Fer et sera placée sous le commandement de son fidèle lieutenant : Sauron.[3] Comme les Valar ne savaient pas où les enfants d'Ilúvatar se réveilleraient, ils hésitèrent à faire la guerre contre Melkor, craignant que le choc de leurs pouvoirs n'entraîne des dommages collatéraux massifs comme ils n'en avaient pas vus depuis la destruction des lampes.",fait_partie_de,choc de leurs pouvoirs n'entraîne des dommages collatéraux massifs comme ils n'en avaient pas vus depuis la destruction des lampes,a_titre
aspect,isengard,"Dans un courrier privé, Tolkien précise que Iarwain signifie ""Vieux-jeune"", probablement car pour tous le monde, y compris les plus anciens, l'aspect de Tom n'as pas changé avec le temps, vieux mais vigoureux.[1][12] Orald, est un terme de vieil anglais, signifiant ""Très vieux"", représentant la forme en Rohanais.[1][17] treason of isengard Forn, est un terme scandinave, signifiant ""(Appartenant aux temps) ancien(s)"".",fait_partie_de,"aspect de Tom n'as pas changé avec le temps, vieux mais vigoureux.[1][12] Orald, est un terme de vieil anglais, signifiant ""Très vieux"", représentant la forme en Rohanais.[1][17] treason of isengard",fait_partie_de
toit,brandons,"Quand le toit en feu s’effondre, les yeux de la régente sont brûlés par les brandons ardents et Isildur disparaît sous les poutres en feu, on le considère comme mort.[16]",fait_partie_de,"toit en feu s’effondre, les yeux de la régente sont brûlés par les brandons",a_titre
ñoldor,hithlum,"Croyant que les Ñoldor avaient été vaincus au-delà de tout espoir de guérison, il chevaucha seul de Hithlum jusqu'aux portes d'Angband dans une colère si puissante qu'on dit qu'il ressemblait à Oromë lui-même.",porte_objet,"Ñoldor avaient été vaincus au-delà de tout espoir de guérison, il chevaucha seul de Hithlum",est_enfant_de
preuve,enveloppe,"De plus, on sait que son enveloppe dégage une quantité de chaleur telle que Gil-galad est brûlé vif à son toucher et qu'Isildur décrit sa main comme à la fois noire et brûlante comme le feu.[16][17] Gollum, qui est l'un des seuls personnages à voir l'apparence du Seigneur des Ténèbres durant le Troisième Âge, le décrit comme ne possédant que quatre doigts à l'une de ses mains, preuve incontestable que Sauron a été incapable de régénérer le doigt que lui a ôté Isildur tout comme Morgoth a été incapable de guérir les blessures infligées par Fingolfin.",regne_sur,"enveloppe dégage une quantité de chaleur telle que Gil-galad est brûlé vif à son toucher et qu'Isildur décrit sa main comme à la fois noire et brûlante comme le feu.[16][17] Gollum, qui est l'un des seuls personnages à voir l'apparence du Seigneur des Ténèbres durant le Troisième Âge, le décrit comme ne possédant que quatre doigts à l'une de ses mains, preuve",est_mentor_de
gimilkhâd,rébellion,"Gimilkhâd avait un fils, Pharazôn, qui était un puissant seigneur númenoréen, passant de nombreuses années hors du pays, combattant dans des guerres, cherchant à étendre la domination de Númenor en Terre du Milieu, et qui était un capitaine renommé sur terre et sur mer.[1] À la mort de son père en 3243 D.A., il revint à Númenor, prit le commandement des Hommes du Roi, et mena une rébellion contre son oncle Tar-Palantir.[2] À sa mort, Tar-Palantir n'avait aucun héritier mâle mais seulement une fille, Míriel.",est_parent_de,"Gimilkhâd avait un fils, Pharazôn, qui était un puissant seigneur númenoréen, passant de nombreuses années hors du pays, combattant dans des guerres, cherchant à étendre la domination de Númenor en Terre du Milieu, et qui était un capitaine renommé sur terre et sur mer.[1] À la mort de son père en 3243 D.A., il revint à Númenor, prit le commandement des Hommes du Roi, et mena une rébellion",appartient_a_race
présence,chute,À noter que sa présence est anachronique car les évènements des jeux se déroulent en environ 2000 T.A. (la chute de Minas Ithil).,fait_partie_de,présence est anachronique car les évènements des jeux se déroulent en environ 2000 T.A. (la chute,traque
serviteurs,légions,"Lors de la Guerre de l'Anneau, la Lórien est à trois reprises assaillie par des légions venant de Dol Guldur, mais les serviteurs de Sauron sont à chaque fois tenus en échec.",regne_sur,"légions venant de Dol Guldur, mais les serviteurs",fait_partie_de
shagrat,mailles,"Et alors que Sam parvient à sauver son ami, Shagrat parvient à s'échapper en emportant la cotte de mailles en mithril jusqu'à Barad-dûr.",est_ami_de,Shagrat parvient à s'échapper en emportant la cotte de mailles,a_titre
racines,atteintes,Le racines profondes ne sont pas atteintes par le gel.,fait_partie_de,racines profondes ne sont pas atteintes,fait_partie_de
rôdeur,compte,"Après avoir envoyé le corps de Boromir le long de la rivière dans l'un des bateaux, Legolas se prépare à suivre Frodon et Sam, mais voyant Aragorn hésiter, il se rend compte que le Rôdeur n'a pas l'intention de les suivre.",fait_partie_de,compte que le Rôdeur,traque
gobelins,cadavres,Legolas et les autres voient les cadavres nains qui les attendent et le prince elfique en déduit immédiatement que des gobelins se cachent à proximité.,appartient_a_race,cadavres nains qui les attendent et le prince elfique en déduit immédiatement que des gobelins,appartient_a_race
forteresse,réveille,"Cette nouvelle forteresse sera érigée au sein des Montagnes de Fer et sera placée sous le commandement de son fidèle lieutenant : Sauron.[3] Comme les Valar ne savaient pas où les enfants d'Ilúvatar se réveilleraient, ils hésitèrent à faire la guerre contre Melkor, craignant que le choc de leurs pouvoirs n'entraîne des dommages collatéraux massifs comme ils n'en avaient pas vus depuis la destruction des lampes.",fait_partie_de,forteresse sera érigée au sein des Montagnes de Fer et sera placée sous le commandement de son fidèle lieutenant : Sauron.[3] Comme les Valar ne savaient pas où les enfants d'Ilúvatar se réveille,est_ennemi_de
royaumes,cardolan,"Les trois royaumes Dúnedain du nord sont directement menacés, et, un siècle plus tard, les royaumes du Rhudaur et du Cardolan sont détruits.",regne_sur,"royaumes Dúnedain du nord sont directement menacés, et, un siècle plus tard, les royaumes du Rhudaur et du Cardolan",se_marie_avec
cavaliers,théoden,"Malgré cette difficulté, les cavaliers du Rohan parviennent à résister jusqu'au moment où le Roi-sorcier d'Angmar confronte Théoden et le désarçonne violemment.",appartient_a_race,cavaliers du Rohan parviennent à résister jusqu'au moment où le Roi-sorcier d'Angmar confronte Théoden,est_allie_de
orientaux,querelle,"Les Orientaux vont également, sous l'influence du Seigneur des Ténèbres, relancer leurs querelles contre le Gondor et ce qui reste des Hommes du Nord.",fait_partie_de,"Orientaux vont également, sous l'influence du Seigneur des Ténèbres, relancer leurs querelle",est_enfant_de
celebrimbor,corruptibles,"Celebrimbor ne veut pas, les hommes sont trop facilement corruptibles, et ont même aidé Adar.",fait_partie_de,"Celebrimbor ne veut pas, les hommes sont trop facilement corruptibles",est_enfant_de
vainqueurs,forteresse,"Peu après, les vainqueurs de la bataille du Gouffre de Helm rendent visite à Saroumane en Isengard, qui a trouvé refuge dans la tour d'Orthanc, forteresse indestructible, seule rescapée de la furie des Ents, qui le maintiennent là sous une garde vigilante.",combat_contre,"vainqueurs de la bataille du Gouffre de Helm rendent visite à Saroumane en Isengard, qui a trouvé refuge dans la tour d'Orthanc, forteresse",sacrifie_pour
discours,réception,Ce discours a été prononcé par Bilbon lors de la réception pour son 111ème anniversaire.,fait_partie_de,discours a été prononcé par Bilbon lors de la réception,a_titre
nazgûls,rôdeur,"Alors que les quatre autres Nazgûls poursuivent les Rôdeurs puis reviennent pour surveiller la frontière Est de La Comté le long du Chemin Vert, le Seigneur de Morgul établit son camp à Andrath.",fait_partie_de,Nazgûls poursuivent les Rôdeur,traque
garde,thangorodrim,"Une froide nuit d'hiver, alors que la garde elfique était moins vigilante, Morgoth envoya de terribles fleuves de feu et de lave depuis le Thangorodrim et des vapeurs toxiques depuis les Montagnes de Fer.",regne_sur,"garde elfique était moins vigilante, Morgoth envoya de terribles fleuves de feu et de lave depuis le Thangorodrim",est_mentor_de
bâton,chapeau,"Il porte un chapeau âbimé, assorti d’un bâton recouvert de lianes et de champignons.",porte_objet,"chapeau âbimé, assorti d’un bâton",se_marie_avec
humbles,réservent,"Pendant le Long Hiver de 2758 T.A., Gandalf leur vient en aide.[8] C'est alors qu'il est témoin et est admiré de la pitié et du courage que les humbles Hobbits réservent dans leur cœur.[11]",fait_partie_de,humbles Hobbits réservent,est_mentor_de
théoden,convainc,Théoden n'est pas convaincu de pouvoir résister aux innombrables troupes d'Uruk-hai.,fait_partie_de,Théoden n'est pas convainc,regne_sur
celebrimbor,aime,Celebrimbor lui demande alors qui il est vraiment et lui lance le marteau de Fëanor qui brise une fenêtre.,fait_partie_de,Celebrimbor lui demande alors qui il est vraime,est_enfant_de
havre,visiteurs,"les força à déménager à Rómenna, et le havre fut fermé aux visiteurs Elfes.",appartient_a_race,havre fut fermé aux visiteurs,fait_partie_de
celebrimbor,mithril,"Il fait expulser Elrond de Khazad-dûm, fermer la mine et déshérite son fils.[25] À Ost-in-Edhil, Celebrimbor n'a que le petit morceau de Mithril que lui a rendu Durin.",est_enfant_de,Celebrimbor n'a que le petit morceau de Mithril,est_enfant_de
nazgûls,cache,"Ainsi, dans la nuit de 23 au 24 février, non loin de Sarn Gebir, le coursiers ailé d'un Nazgûl est abattu par une flèche tirée par Legolas[10]. Puis, quelques jours plus tard, le 2 mars, Frodon, Sam et Gollum, en pleine traversée du Marais des Morts, doivent se cacher alors qu'une ombre noire les survole plusieurs fois[11]. Enfin, le 5 mars, à Dol Baran, juste après la ""gaffe"" de Pippin, un Nazgûl survole le campement du roi Théoden, en route vers l'Isengard[12]. Avec l'entrée en guerre ouverte de Sauron, les Nazgûls sont aux premiers rôles.",regne_sur,"cacher alors qu'une ombre noire les survole plusieurs fois[11]. Enfin, le 5 mars, à Dol Baran, juste après la ""gaffe"" de Pippin, un Nazgûl survole le campement du roi Théoden, en route vers l'Isengard[12]. Avec l'entrée en guerre ouverte de Sauron, les Nazgûls",traque
forces,tira,"Lorsque les forces d'Isengard commencent à lever plus d'échelles, l'Elfe parvient à gagner du temps en tirant sur les cordes, provoquant le renversement de l'une d'elles qui s'écrasent sur les Orques.",appartient_a_race,"forces d'Isengard commencent à lever plus d'échelles, l'Elfe parvient à gagner du temps en tira",fait_partie_de
smaug,alentours,"L'eau où gît Smaug est désormais crainte par le peuple des alentours, ses os restèrent plusieurs siècles en l'état au milieu des ruines, et personne n'osa plonger à la recherche des écailles de son armure.",fait_partie_de,Smaug est désormais crainte par le peuple des alentours,est_ennemi_de
arrivée,nírnaeth,L'arrivée des Elfes aux portes d'Angband lança la bataille de Nírnaeth Arnoediad.,combat_contre,arrivée des Elfes aux portes d'Angband lança la bataille de Nírnaeth,a_titre
chasseurs,parvient,"Lorsque les trois chasseurs arrivent à Meduseld, Gandalf parvient à libérer Théoden de l'influence de Saroumane.",regne_sur,"chasseurs arrivent à Meduseld, Gandalf parvient",a_titre
enfants,hésitèrent,"Cette nouvelle forteresse sera érigée au sein des Montagnes de Fer et sera placée sous le commandement de son fidèle lieutenant : Sauron.[3] Comme les Valar ne savaient pas où les enfants d'Ilúvatar se réveilleraient, ils hésitèrent à faire la guerre contre Melkor, craignant que le choc de leurs pouvoirs n'entraîne des dommages collatéraux massifs comme ils n'en avaient pas vus depuis la destruction des lampes.",fait_partie_de,"enfants d'Ilúvatar se réveilleraient, ils hésitèrent",est_mentor_de
eowyn,grand-mère,"A l'âge adulte, Eowyn est grande et élancée, douée d'une grâce et d'une noble allure qui lui viennent du Sud, de sa grand-mère Morwen de Lossarnach[3].",est_parent_de,"Eowyn est grande et élancée, douée d'une grâce et d'une noble allure qui lui viennent du Sud, de sa grand-mère",se_marie_avec
nazgûls,alliance,"Leur première apparition a lieu en 2251 D.A.[3], et ils vont s'attacher à combattre les forteresses que les hommes de Númenor ont bâti sur les côtes de la Terre du Milieu[2]. A la fin du Deuxième Âge, après la défaite de Sauron lors de la Guerre de la Dernière Alliance, les Nazgûls s'enfuient dans l'Est et se cachent, en attendant le retour de leur maitre[1]. Vers l'an 1000, Sauron revient à l'Ouest.",combat_contre,"Alliance, les Nazgûls",traque
tauriel,sylvestre,"Par conséquent, ce qui arrive à Tauriel après la Bataille des Cinq Armées reste inconnu, bien que l'actrice Evangeline Lilly ait déclaré dans une interview que Tauriel serait retournée au Royaume des Bois (Sylvestre).",combat_contre,"Tauriel après la Bataille des Cinq Armées reste inconnu, bien que l'actrice Evangeline Lilly ait déclaré dans une interview que Tauriel serait retournée au Royaume des Bois (Sylvestre",se_marie_avec
orientaux,relance,"Les Orientaux vont également, sous l'influence du Seigneur des Ténèbres, relancer leurs querelles contre le Gondor et ce qui reste des Hommes du Nord.",fait_partie_de,"Orientaux vont également, sous l'influence du Seigneur des Ténèbres, relance",est_enfant_de
utilisation,jeanne,"Une autre inspiration pouvant provenir du Moyen Âge se révèle au travers du personnage de Jeanne d'Arc dont l'une des charges retenues contre elle était l'utilisation d'Anneaux magiques capables de contraindre et d'asservir des esprits tout comme l'Anneau Unique de Sauron.[38] Bien que l'on ne sache pas si, durant le Troisième Âge, Sauron est parvenu à récupérer une enveloppe corporelle, l'apparition d'un immense Œil de feu au sommet de Barad-dûr, nous laisse penser qu'il s'agit de l'esprit et de la volonté de Sauron.",regne_sur,Jeanne d'Arc dont l'une des charges retenues contre elle était l'utilisation,est_enfant_de
forteresse,plans,"La tour semble être l'extension même de Sauron, ainsi, lorsque ce dernier réfléchit ou médite sur ses plans, la forteresse tout entière semble être en réflexion.",fait_partie_de,"plans, la forteresse",est_parent_de
communauté,côtés,"Galadriel apparaît en personne plus tard lorsque la Communauté arrive en Lórien, les saluant aux côtés de son mari Celeborn.",fait_partie_de,"Communauté arrive en Lórien, les saluant aux côtés",est_ennemi_de
tv,faiblesse,"- TV Spot 12 Gandalf réunit les Nains chez Bilbon pour exposer son plan Au fil des ans, Gandalf s'inquiète de la faiblesse des régions du Nord.",appartient_a_race,"TV Spot 12 Gandalf réunit les Nains chez Bilbon pour exposer son plan Au fil des ans, Gandalf s'inquiète de la faiblesse",a_titre
vitesse,lapins,La vitesse et la maniabilité du traîneau de lapins de Radagast lui permettent d'échapper aux Wargs avant qu'ils ne soient chassés par des cavaliers elfes menés par Elrond.,appartient_a_race,vitesse et la maniabilité du traîneau de lapins,porte_objet
cadeau,valeur,"elle lui en donne trois, qu'il sertira plus tard dans un cristal inexpugnable (ce cadeau est d'une valeur inestimable, d'autant plus si on se souvient que, à plusieurs reprises, Galadriel a refusé la même demande faite par Fëanor).[18] Elle offre sa lumière à Frodon Outre les mèches de cheveux données à Gimli, elle donne une graine de Mallorn et une petite boîte de terre de son jardin à Sam, une pierre d'elfe verte sertie d'argent à Aragorn, ainsi qu'un fourreau pour son épée Andúril ;",appartient_a_race,cadeau est d'une valeur,porte_objet
preuve,table,"De plus, on sait que son enveloppe dégage une quantité de chaleur telle que Gil-galad est brûlé vif à son toucher et qu'Isildur décrit sa main comme à la fois noire et brûlante comme le feu.[16][17] Gollum, qui est l'un des seuls personnages à voir l'apparence du Seigneur des Ténèbres durant le Troisième Âge, le décrit comme ne possédant que quatre doigts à l'une de ses mains, preuve incontestable que Sauron a été incapable de régénérer le doigt que lui a ôté Isildur tout comme Morgoth a été incapable de guérir les blessures infligées par Fingolfin.",regne_sur,preuve incontestable,fait_partie_de
cicatrices,guéries,"De plus, la douleur liée à ses sept blessures ne s'effaça jamais, les cicatrices ne furent jamais guéries.",fait_partie_de,cicatrices ne furent jamais guéries,appartient_a_race
bateau,tomba,"Parmi eux, Hagen se révèle être le promis d'Estrid, ce qui trouble Isildur qui tombait amoureux d'elle.[18] Un bateau de Númenor arrive à Pelargir et il va pouvoir rentrer chez lui.",fait_partie_de,tombait amoureux d'elle.[18] Un bateau,se_marie_avec
cadeau,argent,"elle lui en donne trois, qu'il sertira plus tard dans un cristal inexpugnable (ce cadeau est d'une valeur inestimable, d'autant plus si on se souvient que, à plusieurs reprises, Galadriel a refusé la même demande faite par Fëanor).[18] Elle offre sa lumière à Frodon Outre les mèches de cheveux données à Gimli, elle donne une graine de Mallorn et une petite boîte de terre de son jardin à Sam, une pierre d'elfe verte sertie d'argent à Aragorn, ainsi qu'un fourreau pour son épée Andúril ;",appartient_a_race,"cadeau est d'une valeur inestimable, d'autant plus si on se souvient que, à plusieurs reprises, Galadriel a refusé la même demande faite par Fëanor).[18] Elle offre sa lumière à Frodon Outre les mèches de cheveux données à Gimli, elle donne une graine de Mallorn et une petite boîte de terre de son jardin à Sam, une pierre d'elfe verte sertie d'argent",traque
confiance,aventures,"De nombreuses autres aventures sont traversées par la Compagnie de Thorin : ils sont sauvés du feu par des Aigles[13], hébergés chez un Changeur de Peau[14], attaqués par des araignées géantes[15], emprisonnés par les elfes de la forêt[16]. Au cours des deux dernières, alors que Gandalf les a quitté pour une affaire plus urgente (il faut chasser Sauron de Dol Guldur, comme il l'expliquera plus tard à Bilbon[17]), Bilbon démontre que la confiance que le magicien lui avait donné au début de l'aventure n'est pas usurpée.",appartient_a_race,"aventures sont traversées par la Compagnie de Thorin : ils sont sauvés du feu par des Aigles[13], hébergés chez un Changeur de Peau[14], attaqués par des araignées géantes[15], emprisonnés par les elfes de la forêt[16]. Au cours des deux dernières, alors que Gandalf les a quitté pour une affaire plus urgente (il faut chasser Sauron de Dol Guldur, comme il l'expliquera plus tard à Bilbon[17]), Bilbon démontre que la confiance",est_mentor_de
balin,roäc,"Balin est le seul membre de la Compagnie disposé à accompagner un peu le Hobbit dans le passage secret qui mène à l'intérieur de la Montagne et vers le Dragon.[11] C'est lui également qui à l'idée d'aller se cacher dans l'ancien Poste de Garde, après que Smaug les ait découvert.[12] La devant la Vieille Grive, il raconte à Bilbon l’ancienne amitié qui liait les nains d'Erebor et les grands Corbeaux de Ravenhill, ce qui amène la grive à leur ramener Roäc, le chef des corbeaux, qui leur annoncera la mort du dragon.[13] Balin combat et survit à la Bataille des Cinq Armées avec ses compagnons.",combat_contre,"Balin est le seul membre de la Compagnie disposé à accompagner un peu le Hobbit dans le passage secret qui mène à l'intérieur de la Montagne et vers le Dragon.[11] C'est lui également qui à l'idée d'aller se cacher dans l'ancien Poste de Garde, après que Smaug les ait découvert.[12] La devant la Vieille Grive, il raconte à Bilbon l’ancienne amitié qui liait les nains d'Erebor et les grands Corbeaux de Ravenhill, ce qui amène la grive à leur ramener Roäc",regne_sur
bague,valinor,"Sa bague, l'Anneau de Barahir, est un artefact fabriqué au Premier Âge en Valinor par les Elfes Noldor pour Finrod Felagund.",appartient_a_race,"bague, l'Anneau de Barahir, est un artefact fabriqué au Premier Âge en Valinor",se_marie_avec
celebrimbor,nains,"Celebrimbor décide de forger les Neuf Anneaux des hommes, pour équilibrer ceux des nains.",appartient_a_race,"Celebrimbor décide de forger les Neuf Anneaux des hommes, pour équilibrer ceux des nains",est_enfant_de
forteresse,hésitèrent,"Cette nouvelle forteresse sera érigée au sein des Montagnes de Fer et sera placée sous le commandement de son fidèle lieutenant : Sauron.[3] Comme les Valar ne savaient pas où les enfants d'Ilúvatar se réveilleraient, ils hésitèrent à faire la guerre contre Melkor, craignant que le choc de leurs pouvoirs n'entraîne des dommages collatéraux massifs comme ils n'en avaient pas vus depuis la destruction des lampes.",fait_partie_de,"forteresse sera érigée au sein des Montagnes de Fer et sera placée sous le commandement de son fidèle lieutenant : Sauron.[3] Comme les Valar ne savaient pas où les enfants d'Ilúvatar se réveilleraient, ils hésitèrent",est_ennemi_de
tauriel,terres,Tauriel demande ce qu'il y a au-delà de Gundabad et Legolas lui dit que ce sont les terres d'Angmar.,fait_partie_de,Tauriel demande ce qu'il y a au-delà de Gundabad et Legolas lui dit que ce sont les terres,est_ami_de
elendil,berek,"Avant de repartir pour Númenor, Elendil rend sa liberté à Berek, le cheval de son fils qui ne veut plus obéir.",est_enfant_de,Elendil rend sa liberté à Berek,est_enfant_de
nazgûls,guerriers,"Avant de devenir les Spectres de l'Anneaux, les Nazgûls sont à l'origine des Hommes du Deuxième Âge, rois ou seigneurs puissants, sorciers ou guerriers",appartient_a_race,"Nazgûls sont à l'origine des Hommes du Deuxième Âge, rois ou seigneurs puissants, sorciers ou guerriers",traque
lumière,lampes,"La lumière du soleil, des étoiles et de la luneEn d'étincelantes lampes dans le cristal taillées,Jamais obscurcie par les nuages ou les ombres de la nuit,Brillait toujours là, belle et éclatante.",fait_partie_de,"lumière du soleil, des étoiles et de la luneEn d'étincelantes lampes",est_enfant_de
forces,submergées,"Alors qu'il retrouve temporairement l'espoir lors de l'arrivée des renforts elfiques, menés par Haldir, il se résigne tout de même à son sort après que les forces de Saroumane ont submergées la forteresse.",appartient_a_race,forces de Saroumane ont submergées,traque
artifices,raisons,"Saroumane prend cette place car il connaissait mieux que quiconque les artifices de Sauron, pour les avoirs longtemps étudiés ; mais aussi par son orgueil et désir de suprémacie[10]. Cependant, il devient de pplus en plus jaloux et effrayé de Gandalf[8], ce qui semble être l'une des raisons de sa future trahison.",fait_partie_de,"artifices de Sauron, pour les avoirs longtemps étudiés ; mais aussi par son orgueil et désir de suprémacie[10]. Cependant, il devient de pplus en plus jaloux et effrayé de Gandalf[8], ce qui semble être l'une des raisons",est_ennemi_de
míriel,bataille,"Au début, Míriel refuse, mais le lendemain change d'avis lorsque Galadriel s'éloigne du port et que les feuilles de l'arbre Nimloth tombent soudainement dans toute la ville, ce qui pour les Númenóréens est un signe de la volonté des Valar.[25] Galadriel montre ses talents de duel à Valandil À Númenor, Galadriel parvient à convaincre Halbrand de rejoindre l'expédition en Terre du Milieu après lui avoir raconté ses batailles et les pertes qu'il a subies dans la lutte contre Sauron.",combat_contre,"Míriel refuse, mais le lendemain change d'avis lorsque Galadriel s'éloigne du port et que les feuilles de l'arbre Nimloth tombent soudainement dans toute la ville, ce qui pour les Númenóréens est un signe de la volonté des Valar.[25] Galadriel montre ses talents de duel à Valandil À Númenor, Galadriel parvient à convaincre Halbrand de rejoindre l'expédition en Terre du Milieu après lui avoir raconté ses bataille",se_marie_avec
soleil,tilion,"Le Soleil et la Lune ont également été contrôlés et dirigés par deux Maiar : Arien, un esprit de feu non corrompu par Melkor, a été choisi, pour sa beauté rayonnante et son dévouement féroce au fonctionnement des Valar, pour guider le Soleil, tandis que Tilion, un chasseur dans la compagnie d'Oromë, a été choisi pour diriger la Lune.",est_mentor_de,"Soleil et la Lune ont également été contrôlés et dirigés par deux Maiar : Arien, un esprit de feu non corrompu par Melkor, a été choisi, pour sa beauté rayonnante et son dévouement féroce au fonctionnement des Valar, pour guider le Soleil, tandis que Tilion",est_enfant_de
tilion,maia,"Le Soleil et la Lune ont également été contrôlés et dirigés par deux Maiar : Arien, un esprit de feu non corrompu par Melkor, a été choisi, pour sa beauté rayonnante et son dévouement féroce au fonctionnement des Valar, pour guider le Soleil, tandis que Tilion, un chasseur dans la compagnie d'Oromë, a été choisi pour diriger la Lune.",est_mentor_de,"Maiar : Arien, un esprit de feu non corrompu par Melkor, a été choisi, pour sa beauté rayonnante et son dévouement féroce au fonctionnement des Valar, pour guider le Soleil, tandis que Tilion",regne_sur
parents,thranduil,Ses parents ont été tués par des Orques quand elle était plus jeune et on laisse entendre que Thranduil s'est occupé d'elle depuis lors.,fait_partie_de,parents ont été tués par des Orques quand elle était plus jeune et on laisse entendre que Thranduil,est_parent_de
accueille,hobbitebourg,"En 3002, Elrond accueille à Fondcombe Bilbon Sacquet, qui, l'année précédente, après avec donner une grande fête à Hobbitebourg pour son anniversaire, a quitté la Comté, laissant son anneau à Frodon.",fait_partie_de,"accueille à Fondcombe Bilbon Sacquet, qui, l'année précédente, après avec donner une grande fête à Hobbitebourg",fait_partie_de
prophétie,murmure,Une prophétie prévoit même que Melkor pourrait sortir du vide et faire entendre sa voix comme un murmure silencieux qui aurait pour but de tenter les enfants d'Eru vers le mal.,fait_partie_de,prophétie prévoit même que Melkor pourrait sortir du vide et faire entendre sa voix comme un murmure,regne_sur
plupart,joindre,"Néanmoins, la plupart des Hommes crurent en totalité ou à moitié à ses mensonges et quittèrent le Nord pour rejoindre les forces de Morgoth.",appartient_a_race,plupart des Hommes crurent en totalité ou à moitié à ses mensonges et quittèrent le Nord pour rejoindre,est_enfant_de
nazgûls,établit,"Alors que les quatre autres Nazgûls poursuivent les Rôdeurs puis reviennent pour surveiller la frontière Est de La Comté le long du Chemin Vert, le Seigneur de Morgul établit son camp à Andrath.",fait_partie_de,"Nazgûls poursuivent les Rôdeurs puis reviennent pour surveiller la frontière Est de La Comté le long du Chemin Vert, le Seigneur de Morgul établit",traque
théoden,jours,"Quelques jours après la bataille de Fort-le-Cor, alors que Théoden est en chemin pour retourner à Edoras, la Flèche rouge de Denethor avertit le Rohan de l'assaut imminent des forces de Sauron sur Minas Tirith.",combat_contre,"jours après la bataille de Fort-le-Cor, alors que Théoden",est_ennemi_de
corps,obligé,"Finalement, Legolas est obligé d'agir lorsque Langue-de-Serpent poignarde Saroumane, alors l'elfe tire dans le cœur de Grima, mais il est trop tard pour sauver le magicien et le corps de l'ancien sorcier blanc s'effondre et atterrit sur une roue au bas d'Orthanc.",appartient_a_race,"obligé d'agir lorsque Langue-de-Serpent poignarde Saroumane, alors l'elfe tire dans le cœur de Grima, mais il est trop tard pour sauver le magicien et le corps",a_titre
bataille,renforts,"Il est d'ailleurs à un moment en grave danger d'être saisi par des Orques après avoir trébuché en montant un escalier, mais il est sauvé par une flèche de Legolas[19]. Enfin, au lever du jour, quand Aragorn accompagne Théoden dans une chevauchée à laquelle l'ennemi ne résiste pas, des renforts arrivent, et la bataille est gagnée.",combat_contre,"renforts arrivent, et la bataille",fait_partie_de
théoden,roger,"Dans la trilogie du Seigneur des Anneaux, adaptée par Peter Jackson, Théoden est interprété par Bernard Hill et est doublé en français par Roger Mollien.",fait_partie_de,Théoden est interprété par Bernard Hill et est doublé en français par Roger,a_titre
voix,stone,"Dans Le Seigneur des Anneaux de Ralph Bakshi de 1978, adaptation qui reprend La Communauté de l'Anneau et Les Deux Tour, Théoden apparait dont la voix est faite par Philip Stone, doublé en français par Jean-Henri Chambois.",fait_partie_de,voix est faite par Philip Stone,est_parent_de
faramir,citadelle,"Faramir ayant reçu une blessure d'une lame empoisonnée durant la retraite d'Osgiliath, gisait à l'intérieur de la citadelle.",est_ami_de,"Faramir ayant reçu une blessure d'une lame empoisonnée durant la retraite d'Osgiliath, gisait à l'intérieur de la citadelle",est_ennemi_de
longs,voyages,Ses longs voyages lui ont permis de rencontrer de nombreuses personnes influentes et puissantes et de nouer des liens durables avec elles.,fait_partie_de,longs voyages,se_marie_avec
plaine,forces,"plus au Sud, la plaine de Núrn est plus fertile et est occupée en son centre par la mer intérieure de Núrnen, c'est là que résident et travaillent les esclaves humains sous le joug des forces de Sauron qui fournissent tout le matériel et la nourriture nécessaires aux gigantesques armées pendant la Guerre de l'Anneau.",appartient_a_race,"plaine de Núrn est plus fertile et est occupée en son centre par la mer intérieure de Núrnen, c'est là que résident et travaillent les esclaves humains sous le joug des forces",est_ennemi_de
royaumes,forces,"L'assaut de Morgoth fut si rapide et écrasant que les différents royaumes elfiques furent incapables de rassembler leurs forces dans une sorte de front unifié, et en tant que tel, Morgoth pu alors engager les forces elfiques de manière fragmentaire, émoussant considérablement l'efficacité de toute résistance.",appartient_a_race,royaumes elfiques furent incapables de rassembler leurs forces,combat_contre
morts,argent,"À la Pierre d'Erech, Aragorn sonne d'un cor d'argent que lui donne Elrohir, et les Morts lui répondent avec le son d'autres cors, car une grande armée est rassemblée tout autour de la colline où se dresse la pierre.",fait_partie_de,"argent que lui donne Elrohir, et les Morts",est_ennemi_de
lothlórien,peuplée,"La Lothlórien , ou simplement la Lórien, est une forêt peuplée d'Elfes, dirigés par Galadriel et Celeborn. À ne pas confondre avec la Lórien de Valinor, en Aman.",appartient_a_race,"Lothlórien , ou simplement la Lórien, est une forêt peuplée",fait_partie_de
nains,domination,"Après sa domination sur le magicien, Sauron envoie un message à Smaug annonçant l'arrivée de la compagnie de Thorin avant de recevoir un message de Bolg annonçant que les Nains ont pénétré dans la Montagne Solitaire.",appartient_a_race,"domination sur le magicien, Sauron envoie un message à Smaug annonçant l'arrivée de la compagnie de Thorin avant de recevoir un message de Bolg annonçant que les Nains",est_ennemi_de
prédiction,triomphe,"Cette prédiction se verra accomplie des siècles après, lorsque Éowyn et Meriadoc Brandebouc, autrement dit une femme et un semi-homme, triomphent du Roi-Sorcier au cours de la bataille des champs du Pelennor pendant la guerre de l’Anneau.",combat_contre,"prédiction se verra accomplie des siècles après, lorsque Éowyn et Meriadoc Brandebouc, autrement dit une femme et un semi-homme, triomphe",se_marie_avec
manœuvre,garde,"La véritable manœuvre réalisée par Gandalf ne consiste pas à chercher à battre les forces de Sauron, mais plutôt à distraire le Seigneur des Ténèbres, le faisant baisser sa garde et permettant ainsi à Frodon et à Sam de poursuivre leur périple jusqu'à la Montagne du Destin.",appartient_a_race,"manœuvre réalisée par Gandalf ne consiste pas à chercher à battre les forces de Sauron, mais plutôt à distraire le Seigneur des Ténèbres, le faisant baisser sa garde",a_titre
enveloppe,survivre,"Bien que son enveloppe corporelle soit de nouveau détruite, son esprit parvient à survivre grâce à l'immense quantité de pouvoir contenue dans l'Anneau Unique.",fait_partie_de,"enveloppe corporelle soit de nouveau détruite, son esprit parvient à survivre",est_enfant_de
centre,centrale,"La région centrale s'appelait Mittalmar, et en son centre se dressait la montagne sacrée, le Meneltarma, le ""Pilier du Ciel"".",fait_partie_de,"centrale s'appelait Mittalmar, et en son centre",fait_partie_de
soupçons,confirmés,"Gandalf revient en Comté À son retour dans la Comté, Gandalf se rend immédiatement chez Frodon et ses soupçons sont confirmés en jetant l'Anneau dans le feu de l'âtre de Frodon, ce qui révéle, en Parler noir, l'inscription sur l'anneau.",fait_partie_de,soupçons sont confirmés,est_enfant_de
bataille,armées,"Quand ils reviennent dans les ruines de Dale, la Bataille des Cinq Armées a déjà commencé et ils trouvent Gandalf le Gris, lui disant qu'une autre armée d'Orques va arriver.",combat_contre,Bataille des Cinq Armées,se_marie_avec
enveloppe,dégage,"De plus, on sait que son enveloppe dégage une quantité de chaleur telle que Gil-galad est brûlé vif à son toucher et qu'Isildur décrit sa main comme à la fois noire et brûlante comme le feu.[16][17] Gollum, qui est l'un des seuls personnages à voir l'apparence du Seigneur des Ténèbres durant le Troisième Âge, le décrit comme ne possédant que quatre doigts à l'une de ses mains, preuve incontestable que Sauron a été incapable de régénérer le doigt que lui a ôté Isildur tout comme Morgoth a été incapable de guérir les blessures infligées par Fingolfin.",regne_sur,enveloppe dégage,a_titre
amis,joindre,"Ses amis, Merry et Fredegar Bolger, partent préparer sa maison tandis que Frodon, accompagné de Sam et Pippin, quitte la Comté à pied pour rejoindre sa nouvelle maison.",est_ami_de,"amis, Merry et Fredegar Bolger, partent préparer sa maison tandis que Frodon, accompagné de Sam et Pippin, quitte la Comté à pied pour rejoindre",fait_partie_de
bannière,couvre,"Mais alors que Gandalf découvre un Œil rouge, la bannière de Sauron, peint à l'entrée de la forêt, il est contraint de quitter les Nains pour mener son enquête et se rend sans attendre au Mont du Rhudaur.",appartient_a_race,"couvre un Œil rouge, la bannière",porte_objet
celebrían,caradhras,"Ainsi, en 2509, alors qu'elle se rend en Lothlórien, Celebrían est capturée par des Orques dans les Monts Brumeux, au passage du col de Caradhras.",fait_partie_de,"Celebrían est capturée par des Orques dans les Monts Brumeux, au passage du col de Caradhras",porte_objet
famille,couvre,"Toutefois, elle découvre un document indiquant que la famille royale des Terres du Sud a été rompue il y a plus de mille ans.",est_ami_de,couvre un document indiquant que la famille,fait_partie_de
forces,envahit,"Puis, en 3429, après avoir été reconstituées à leur puissance paroxystique, les forces du Mordor s'attaquent au Gondor, mais en 3434 la Dernière Alliance des Hommes et les Elfes les détruit durant la Bataille de Dagorlad, force la Porte Noire et envahit le territoire du Mordor.",combat_contre,"forces du Mordor s'attaquent au Gondor, mais en 3434 la Dernière Alliance des Hommes et les Elfes les détruit durant la Bataille de Dagorlad, force la Porte Noire et envahit",est_allie_de
fête,annonce,"En 3001 T.A., Bilbon organise une réception pour son anniversaire et celui de Frodon (ils sont nés tous les deux un 22 septembre)[24]. Bilbon a en fait décidé de partir et cette fête est l'occasion pour lui de dire au revoir et d'annoncer qu'il laisse tous ses biens en héritage à Frodon.",fait_partie_de,fête est l'occasion pour lui de dire au revoir et d'annonce,est_enfant_de
inspiration,enveloppe,"Une autre inspiration pouvant provenir du Moyen Âge se révèle au travers du personnage de Jeanne d'Arc dont l'une des charges retenues contre elle était l'utilisation d'Anneaux magiques capables de contraindre et d'asservir des esprits tout comme l'Anneau Unique de Sauron.[38] Bien que l'on ne sache pas si, durant le Troisième Âge, Sauron est parvenu à récupérer une enveloppe corporelle, l'apparition d'un immense Œil de feu au sommet de Barad-dûr, nous laisse penser qu'il s'agit de l'esprit et de la volonté de Sauron.",regne_sur,"inspiration pouvant provenir du Moyen Âge se révèle au travers du personnage de Jeanne d'Arc dont l'une des charges retenues contre elle était l'utilisation d'Anneaux magiques capables de contraindre et d'asservir des esprits tout comme l'Anneau Unique de Sauron.[38] Bien que l'on ne sache pas si, durant le Troisième Âge, Sauron est parvenu à récupérer une enveloppe",est_ennemi_de
cadeau,boîte,"elle lui en donne trois, qu'il sertira plus tard dans un cristal inexpugnable (ce cadeau est d'une valeur inestimable, d'autant plus si on se souvient que, à plusieurs reprises, Galadriel a refusé la même demande faite par Fëanor).[18] Elle offre sa lumière à Frodon Outre les mèches de cheveux données à Gimli, elle donne une graine de Mallorn et une petite boîte de terre de son jardin à Sam, une pierre d'elfe verte sertie d'argent à Aragorn, ainsi qu'un fourreau pour son épée Andúril ;",appartient_a_race,"cadeau est d'une valeur inestimable, d'autant plus si on se souvient que, à plusieurs reprises, Galadriel a refusé la même demande faite par Fëanor).[18] Elle offre sa lumière à Frodon Outre les mèches de cheveux données à Gimli, elle donne une graine de Mallorn et une petite boîte",traque
balin,corbeaux,"Balin est le seul membre de la Compagnie disposé à accompagner un peu le Hobbit dans le passage secret qui mène à l'intérieur de la Montagne et vers le Dragon.[11] C'est lui également qui à l'idée d'aller se cacher dans l'ancien Poste de Garde, après que Smaug les ait découvert.[12] La devant la Vieille Grive, il raconte à Bilbon l’ancienne amitié qui liait les nains d'Erebor et les grands Corbeaux de Ravenhill, ce qui amène la grive à leur ramener Roäc, le chef des corbeaux, qui leur annoncera la mort du dragon.[13] Balin combat et survit à la Bataille des Cinq Armées avec ses compagnons.",combat_contre,"Balin est le seul membre de la Compagnie disposé à accompagner un peu le Hobbit dans le passage secret qui mène à l'intérieur de la Montagne et vers le Dragon.[11] C'est lui également qui à l'idée d'aller se cacher dans l'ancien Poste de Garde, après que Smaug les ait découvert.[12] La devant la Vieille Grive, il raconte à Bilbon l’ancienne amitié qui liait les nains d'Erebor et les grands Corbeaux",regne_sur
bête,haradrim,"Atterrissant devant un Gimli indigné, le Nain déclare que la bête ne compte que pour un, oubliant apparemment la tour de guerre pleine d'Haradrim attachée à l'Oliphant.",appartient_a_race,"bête ne compte que pour un, oubliant apparemment la tour de guerre pleine d'Haradrim",est_allie_de
habitants,chute,"En 3319, les habitants de la Terre du Milieu voient débarquer les rescapés de la chute de Númenor, menés par Elendil et ses fils, Isildur et Anárion.",est_enfant_de,habitants de la Terre du Milieu voient débarquer les rescapés de la chute,est_ennemi_de
profanateur,brumeux,"Le Profanateur, également surnommé l'Orque Pâle du fait de la couleur de sa peau, est un Orque des Monts Brumeux, le plus puissant et chef des Orques de Khazad-dûm. ",a_titre,"Profanateur, également surnommé l'Orque Pâle du fait de la couleur de sa peau, est un Orque des Monts Brumeux",porte_objet
balin,secret,"Balin est le seul membre de la Compagnie disposé à accompagner un peu le Hobbit dans le passage secret qui mène à l'intérieur de la Montagne et vers le Dragon.[11] C'est lui également qui à l'idée d'aller se cacher dans l'ancien Poste de Garde, après que Smaug les ait découvert.[12] La devant la Vieille Grive, il raconte à Bilbon l’ancienne amitié qui liait les nains d'Erebor et les grands Corbeaux de Ravenhill, ce qui amène la grive à leur ramener Roäc, le chef des corbeaux, qui leur annoncera la mort du dragon.[13] Balin combat et survit à la Bataille des Cinq Armées avec ses compagnons.",combat_contre,Balin est le seul membre de la Compagnie disposé à accompagner un peu le Hobbit dans le passage secret,regne_sur
nains,esgaroth,"Au moment où ils atteignent Esgaroth (Lacville), la nuit est tombée et les Nains sont déjà partis pour Erebor à l'exception de Kíli, Fíli, Bofur et Óin et ils sont attaqués par des Orques dans la maison de Bard.",appartient_a_race,"Esgaroth (Lacville), la nuit est tombée et les Nains",appartient_a_race
aldurg,edoras,"Aldurg était le lieu où Eorl avait sa demeure, qui passa aux mains d'Éofor lorsque Brego s'installa à Edoras.",fait_partie_de,"Aldurg était le lieu où Eorl avait sa demeure, qui passa aux mains d'Éofor lorsque Brego s'installa à Edoras",est_enfant_de
gimilkhâd,d.a,"Gimilkhâd avait un fils, Pharazôn, qui était un puissant seigneur númenoréen, passant de nombreuses années hors du pays, combattant dans des guerres, cherchant à étendre la domination de Númenor en Terre du Milieu, et qui était un capitaine renommé sur terre et sur mer.[1] À la mort de son père en 3243 D.A., il revint à Númenor, prit le commandement des Hommes du Roi, et mena une rébellion contre son oncle Tar-Palantir.[2] À sa mort, Tar-Palantir n'avait aucun héritier mâle mais seulement une fille, Míriel.",est_parent_de,"Gimilkhâd avait un fils, Pharazôn, qui était un puissant seigneur númenoréen, passant de nombreuses années hors du pays, combattant dans des guerres, cherchant à étendre la domination de Númenor en Terre du Milieu, et qui était un capitaine renommé sur terre et sur mer.[1] À la mort de son père en 3243 D.A",est_enfant_de
celebrimbor,talion,Talion et Celebrimbor aident la reine à se libérer de l'emprise du magicien.,regne_sur,Talion et Celebrimbor,est_enfant_de
flotte,rochers,"L'armée est ensevelie sous d'énormes rochers, la flotte est submergée sous une énorme vague, Númenor sombre sous les eaux, et Aman est séparé d'Arda.[2] Les navires des Fidèles partent à temps et sont épargnés.",fait_partie_de,"rochers, la flotte",porte_objet
garde,fête,Elles marchaient sur la cité pendant une période de fêtes et sur les Montagnes où la garde était moins vigilante.,fait_partie_de,fêtes et sur les Montagnes où la garde,porte_objet
destin,participe,"Aragorn participe au fameux Conseil d'Elrond, durant lequel il est décidé de détruire l'Anneau Unique[6]. Lors du Conseil est révélé l'héritage d'Aragorn car, en tant que descendant d'Isildur, son destin est lié à l'Anneau.",fait_partie_de,"participe au fameux Conseil d'Elrond, durant lequel il est décidé de détruire l'Anneau Unique[6]. Lors du Conseil est révélé l'héritage d'Aragorn car, en tant que descendant d'Isildur, son destin",regne_sur
présence,destin,"De plus avec la présence des armées d'Orques dans le Mordor, Frodon et Sam n'ont aucune chance d'atteindre la Montagne du Destin pour y amener l'Unique.",fait_partie_de,"présence des armées d'Orques dans le Mordor, Frodon et Sam n'ont aucune chance d'atteindre la Montagne du Destin",est_mentor_de
vitesse,échappe,La vitesse et la maniabilité du traîneau de lapins de Radagast lui permettent d'échapper aux Wargs avant qu'ils ne soient chassés par des cavaliers elfes menés par Elrond.,appartient_a_race,vitesse et la maniabilité du traîneau de lapins de Radagast lui permettent d'échappe,est_enfant_de
rôdeur,fondcombe,"Croyant qu'il n'est pas en mesure de retourner trouver Frodon à temps, il écrit une lettre, l'exhortant à se déplacer dès que possible pour Fondcombe et à chercher un ""Rôdeur"" dont le vrai nom était Aragorn, ainsi qu'une énigme pour l'identifier.",fait_partie_de,"Fondcombe et à chercher un ""Rôdeur",fait_partie_de
gollum,régence,"Mais étant donné que la forteresse fut érigée grâce au pouvoir de l'Anneau Unique, les Hommes et les Elfes ne purent détruire les fondations de Barad-dûr.[4] Étant donné qu'Isildur n'est point parvenu à détruire l'Unique, Sauron parvint à utiliser le peu de pouvoir qu'il lui restait afin de reconstruire la forteresse en 2951 du Troisième Âge sous la régence de Turgon sur le Gondor.[5] Quelques temps avant la fin du Troisième Âge, Gollum fut capturé et amené à Barad-dûr afin d'y être torturé et interroger au sujet de l'Anneau Unique et ce alors qu'il était également recherché par Gandalf et Aragorn pour les même raisons.",appartient_a_race,"régence de Turgon sur le Gondor.[5] Quelques temps avant la fin du Troisième Âge, Gollum",regne_sur
fingon,parvinrent,"Malgré les difficultés qui se présentaient à eux, Fingon et Fingolfin parvinrent, de justesse, à défendre l'Hithlum contre l'assaut de Morgoth grâce notamment aux Montagnes qui les entouraient et qui créaient une barrière efficace contre les incendies de Morgoth.",fait_partie_de,Fingon et Fingolfin parvinrent,fait_partie_de
choc,pouvoirs,"Cette nouvelle forteresse sera érigée au sein des Montagnes de Fer et sera placée sous le commandement de son fidèle lieutenant : Sauron.[3] Comme les Valar ne savaient pas où les enfants d'Ilúvatar se réveilleraient, ils hésitèrent à faire la guerre contre Melkor, craignant que le choc de leurs pouvoirs n'entraîne des dommages collatéraux massifs comme ils n'en avaient pas vus depuis la destruction des lampes.",fait_partie_de,choc de leurs pouvoirs,regne_sur
tombés,sirion,"Avec le Sac de Gondolin et la défaite des Ñoldor et de leurs alliés, le triomphe longtemps recherché par Morgoth était complet.[12] Les grands royaumes des Elfes étaient tous tombés, à l'exception de l'île de Balar et des survivants aux Bouches du Sirion, qui était gouvernés par Eärendil mais Morgoth ne les considérait pas comme une menace.",est_allie_de,"tombés, à l'exception de l'île de Balar et des survivants aux Bouches du Sirion",regne_sur
luthien,loups,"On peut en voir des exemples dans la menace de Luthien envers Sauron lors de sa défaite à la Tour des Loups-garous, où il est dit : ""Avant que l'esprit [de Sauron] ait quitté sa sombre maison, Luthien est venu à lui et lui a dit qu'il devrait être dépouillé de son vêtement de chair, et son fantôme renvoyé tremblant à Morgoth ;",fait_partie_de,Luthien envers Sauron lors de sa défaite à la Tour des Loups,est_ennemi_de
elendil,berek,"Kemen refuse et quand Isildur évoque son père et son service dans la garde, Kemen lui apprend qu'Ar-Pharazôn est le nouveau roi et qu'Elendil est recherché pour trahison, il menace même de tuer Berek si Isildur insiste.",est_parent_de,"Elendil est recherché pour trahison, il menace même de tuer Berek",est_enfant_de
armées,défaites,"Puis, grâce à un renfort inespéré de Númenor, les armées de Sauron sont défaites et l'Eriador libéré.",fait_partie_de,armées de Sauron sont défaites,est_ennemi_de
portes,valinor,"Après un siège difficile et douloureux, les Valar enfoncèrent les portes d'Utumno et Melkor fut capturé, enchainé avec Angainor et ramené à Valinor.",porte_objet,"portes d'Utumno et Melkor fut capturé, enchainé avec Angainor et ramené à Valinor",se_marie_avec
eorl,brego,"Aldurg était le lieu où Eorl avait sa demeure, qui passa aux mains d'Éofor lorsque Brego s'installa à Edoras.",fait_partie_de,"Eorl avait sa demeure, qui passa aux mains d'Éofor lorsque Brego",est_enfant_de
arthedain,armées,"Cependant, avec l'aide des armées du Cardolan, l'Arthedain parvint à maintenir une ligne de défense le long des Collines du Vent.",fait_partie_de,"armées du Cardolan, l'Arthedain",se_marie_avec
théoden,vagues,"Bien que les Rohirrim résiste vaillamment aux vagues d'ennemis qui attaquent, Théoden n'aurait pu remporter la Bataille de Fort-le-Cor sans l'arrivée de Gandalf et de soldats menés par son vassal Erkenbrand, seigneur de l'Ouestfolde.[4] Après la victoire du Rohan lors de la bataille, Théoden accompagne Gandalf et ses compagnons à Orthanc, pour confronter Saroumane.",combat_contre,"vagues d'ennemis qui attaquent, Théoden",est_ennemi_de
noms,j.r.r,"* Attention, les noms des deux fils cadets d'Eärendur, dernier roi d'Arnor, ne proviennent pas de l'œuvre de J.R.R. Tolkien.",est_enfant_de,"noms des deux fils cadets d'Eärendur, dernier roi d'Arnor, ne proviennent pas de l'œuvre de J.R.R",est_enfant_de
nature,comprise,"On peut donc en déduire qu'elle avait appris ses pouvoirs de ces trois illustres personnages, bien que la nature de sa magie ne soit pas encore bien comprise.",regne_sur,nature de sa magie ne soit pas encore bien comprise,a_titre
versions,nazgûls,"Plusieurs versions existent des évènements qui se déroulent en Isengard[4], mais finalement, les Nazgûls obtiennent les informations qu'ils cherchent et partent vers le Nord-Ouest, l'Eriador.",fait_partie_de,"versions existent des évènements qui se déroulent en Isengard[4], mais finalement, les Nazgûls",est_enfant_de
gollum,excellents,"Gollum n'est ni fort, ni sage, ni courageux dans le sens que l'on donne habituellement à ces termes, mais il montre d'excellents réflexes et un impressionnant instinct de survie.",fait_partie_de,"Gollum n'est ni fort, ni sage, ni courageux dans le sens que l'on donne habituellement à ces termes, mais il montre d'excellents",regne_sur
